순번,주소,상세위치,거치대 유무,location,lat,lng
1,서울특별시 종로구 팔판동 115-63,청와대 춘추문 맞은편,Y,,37.5831922,126.9799488
2,서울특별시 종로구 연건동 218-1,KT 광화문 혜화지사 앞,Y,"연건동, 이화동, 종로구, 서울특별시, 03080, 대한민국",37.5784056,126.9999208
3,서울특별시 종로구 연건동 178-3,홍익대학교 대학로 맞은편,Y,"연건동, 이화동, 종로구, 서울특별시, 03080, 대한민국",37.5784056,126.9999208
4,서울특별시 종로구 동승동 1-24,대학로 마로니에 공원 앞,Y,,,
5,서울특별시 종로구 와룡동 75-4,연악사 맞은편,Y,"와룡동, 순천시, 전라남도, 57919, 대한민국",37.581572,126.9922844
6,서울특별시 종로구 명륜4가 96-4,흥사단 동숭 미술관 맞은편,Y,"명륜4가, 혜화동, 종로구, 서울특별시, 03079, 대한민국",37.58214,126.99977
7,서울특별시 종로구 소격동 165-5,국립현대미술관 ,Y,"소격동, 삼청동, 종로구, 서울특별시, 03053, 대한민국",37.57962,126.98073
8,서울특별시 종로구 신문로1가 5-4,새문안교회 앞,Y,"신문로1가, 사직동, 종로구, 서울특별시, 03182, 대한민국",37.57017,126.97417
9,서울특별시 종로구 신문로 2가 58,(구)경찰박물관 앞,Y,,37.5690125,126.9696691
10,서울특별시 종로구 무악동 41-7,무악현대아파트 앞,Y,"무악동, 종로구, 서울특별시, 03024, 대한민국",37.57672,126.95812
11,서울특별시 종로구 사직동 45-4,사직공원 맞은편,Y,"사직동, 종로구, 서울특별시, 대한민국",37.5738317,126.9703041
12,서울특별시 종로구 내자동 186-3,서울경찰청 민원봉사실 앞,Y,"내자동, 사직동, 종로구, 서울특별시, 03169, 대한민국",37.57522,126.97146
13,서울특별시 종로구 적선동 8-1,경복궁역 4번출구 근처,Y,"적선동, 사직동, 종로구, 서울특별시, 03170, 대한민국",37.5751085,126.9735739
14,서울특별시 종로구 세종로 84-8,광화문역 2번 출구 근처,Y,"세종로, 사직동, 종로구, 서울특별시, 03171, 대한민국",37.5757452,126.9766915
15,서울특별시 종로구 공평동 100-19,종각역 2번 출구 근처,Y,"공평동, 종로1·2·3·4가동, 종로구, 서울특별시, 03150, 대한민국",37.57144,126.98279
16,서울특별시 종로구 서린동 26-1,종각역 5번 출구 근처,Y,"서린동, 종로1·2·3·4가동, 종로구, 서울특별시, 03188, 대한민국",37.56925,126.97959
17,서울특별시 종로구 종로2가 84-11,YBM 어학원 앞,Y,"종로2가, 종로1·2·3·4가동, 종로구, 서울특별시, 03140, 대한민국",37.5709125,126.9882267
18,서울특별시 중구 중구 을지로 178,을지로4가역 9~10번 출구,Y,"을지로4가, 178, 을지로, 을지로5가, 을지로동, 중구, 서울특별시, 04546, 대한민국",37.5666425,126.9981685
19,서울특별시 중구 중구 을지로 2가 206,IBK파이낸스타워 출입구 앞,Y,,37.5657598,126.9870982
20,서울특별시 중구 중구 을지로 42,을지로입구역 7번 출구,Y,"을지로입구, 42, 을지로, 을지로1가, 명동, 중구, 서울특별시, 04533, 대한민국",37.5659494,126.9826171
21,서울특별시 중구 중구 을지로 50,을지로입구역 6번 출구,Y,"을지로, 을지로2가, 명동, 중구, 서울특별시, 04539, 대한민국",37.5661276,126.9850852
22,서울특별시 용산구 이태원동 127-6,이태원역 3번출구,Y,"이태원동, 이태원2동, 용산구, 서울특별시, 04344, 대한민국",37.53842,126.992
23,서울특별시 용산구 용문동 5-157,효창공원앞역 5번출구,Y,"용문동, 용산구, 서울특별시, 대한민국",37.5380978,126.9586211
24,서울특별시 용산구 갈월동 92,남영삼거리 (용산빌딩 앞),Y,"갈월동, 남영동, 용산구, 서울특별시, 04321, 대한민국",37.5460049,126.9729956
25,서울특별시 용산구 용산구 갈월동 69-29,숙대입구역 10번출구,N,"갈월동, 남영동, 용산구, 서울특별시, 04321, 대한민국",37.54487,126.9715441
26,서울특별시 성동구 홍익동 614-1,상왕십리역 1번출구,Y,"홍익동, 10통, 왕십리도선동, 성동구, 서울특별시, 04706, 대한민국",37.5660138,127.0327281
27,서울특별시 성동구 성수동1가 656-302,뚝섬역 1번출구,Y,,37.5481095,127.0456474
28,서울특별시 성동구 옥수동 401-1,옥수역 1번출구,Y,"옥수동, 성동구, 서울특별시, 대한민국",37.54176,127.01648
29,서울특별시 성동구 금호동4가 1470-1,금호역 3번출구,Y,"금호동4가, 금호4가동, 성동구, 서울특별시, 04743, 대한민국",37.54479,127.02339
30,서울특별시 성동구 금호동3가 1583,금호역 4번출구,Y,"금호동3가, 금호2·3가동, 성동구, 서울특별시, 04729, 대한민국",37.54998,127.02213
31,서울특별시 성동구 행당동 산17,한양대역 3번출구,Y,,37.5555778,127.0435848
32,서울특별시 광진구  자양동 854,자양역 1번출구 인근,N,"자양동, 동구, 대전광역시, 대한민국",37.5329735,127.0727409
33,서울특별시 동대문구 장안동 416-10,창도빌딩 앞(지하철 환풍구 옆 가로등 가로수 사이),N,"장안동, 장안1동, 동대문구, 서울특별시, 02624, 대한민국",37.57105,127.06806
34,서울특별시 동대문구 답십리동 497-23,천호대로 257 청계푸르지오시티오피스텔 앞,N,"답십리동, 답십리1동, 동대문구, 서울특별시, 02615, 대한민국",37.57002,127.05467
35,서울특별시 동대문구 신설동 98-32,신설동역 5번출구 뒤 자전거보관대 옆(파리바게트 앞),N,"신설동, 용신동, 동대문구, 서울특별시, 02586, 대한민국",37.573478,127.0257068
36,서울특별시 동대문구 휘경동 255-4,회기로 195 셰계주류마켓 앞 보도,N,"휘경동, 휘경2동, 동대문구, 서울특별시, 02500, 대한민국",37.58773,127.06526
37,서울특별시 동대문구 전농동 687,도미노피자 전농점 앞,N,"전농동, 전농1동, 동대문구, 서울특별시, 02505, 대한민국",37.5806,127.05543
38,서울특별시 동대문구 전농동 591-53,청량리역광장 서울청년센터 동대문오랑 앞,N,"전농동, 전농1동, 동대문구, 서울특별시, 02505, 대한민국",37.5806,127.05543
39,서울특별시 동대문구 이문동 329-1,스타벅스 외대정문점 앞,N,"이문동, 이문2동, 동대문구, 서울특별시, 02403, 대한민국",37.60021,127.06124
40,서울특별시 동대문구 전농동 295-53,우리은행 전농동지점 앞,N,"전농동, 전농1동, 동대문구, 서울특별시, 02505, 대한민국",37.5806,127.05543
41,서울특별시 동대문구 장안동 307-6,투썸플레이스 장안동 사거리점 앞,N,"장안동, 장안1동, 동대문구, 서울특별시, 02624, 대한민국",37.57105,127.06806
42,서울특별시 동대문구 휘경동 267-10,에스오일주유소 앞 따릉이대여소 옆,N,"휘경동, 휘경2동, 동대문구, 서울특별시, 02500, 대한민국",37.58773,127.06526
43,서울특별시 동대문구 전농동 103-340,시티프라자 앞,N,,37.5839603,127.0536151
44,서울특별시 동대문구 용두동 47-1,LG전자베스트샵 주차장 앞 보도,N,"용두동, 용신동, 동대문구, 서울특별시, 02566, 대한민국",37.57616,127.03476
45,서울특별시 동대문구 장안동 368-1,아트몰링 장안점 앞,N,"장안동, 기성동, 서구, 대전광역시, 35426, 대한민국",37.57105,127.06806
46,서울특별시 동대문구 전농동 10,베스킨라빈스 전농점 앞,N,"봄날식당, 10, 답십리로1길, 힐스테이트 청량리 더퍼스트, 전농1동, 동대문구, 서울특별시, 02559, 대한민국",37.5788299,127.0436848
47,서울특별시 중랑구 중화동 73-7,중랑역 2번출구 ,Y,"중화동, 중화2동, 중랑구, 서울특별시, 02102, 대한민국",37.59755,127.07783
48,서울특별시 성북구 성북구 석관동 375-54,석계역 7번출구 우측,Y,"석관동, 성북구, 서울특별시, 02788, 대한민국",37.60789,127.06116
49,서울특별시 성북구 성북구 월곡동 37-4,월곡역 3번 출구 좌측,Y,,37.0265458,127.1422615
50,서울특별시 성북구 성북구 종암동 3-1288,종암박스파크 북서측,Y,"북부간선도로, 종암동, 월곡1동, 성북구, 서울특별시, 02799, 대한민국",37.6022637,127.037315
51,서울특별시 성북구 길음동 877-66,길음역 3번 출구 뒷편,N,"길음동, 길음1동, 성북구, 서울특별시, 02720, 대한민국",37.6085308,127.0201946
52,서울특별시 강북구 수유동  230-10,수유역  5번  출구  앞,N,"수유동, 인수동, 강북구, 서울특별시, 01025, 대한민국",37.6352212,127.0090642
53,서울특별시 강북구 미아동  125-33,미아역  4번  출구  앞,N,"미아동, 강북구, 서울특별시, 대한민국",37.628995,127.0257543
54,서울특별시 강북구 미아동  134-39,이디야커피 미아중앙점 앞,N,"미아동, 강북구, 서울특별시, 대한민국",37.628995,127.0257543
55,서울특별시 강북구 미아동  160-14,얼맥당  수유점  앞,N,"미아동, 강북구, 서울특별시, 대한민국",37.628995,127.0257543
56,서울특별시 강북구 번동  418-9,수유역  1번  출구  앞,N,"번동, 번2동, 강북구, 서울특별시, 01145, 대한민국",37.62929,127.03684
57,서울특별시 강북구 미아동  190-1,아름다운가게  미아점  앞,N,"미아동, 강북구, 서울특별시, 대한민국",37.628995,127.0257543
58,서울특별시 강북구 번동  449-1,롯데시네마  수유관  앞,N,"번동, 번2동, 강북구, 서울특별시, 01145, 대한민국",37.62929,127.03684
59,서울특별시 강북구 수유동  183-4,청년치킨  수유점  앞,N,"수유동, 인수동, 강북구, 서울특별시, 01025, 대한민국",37.6352212,127.0090642
60,서울특별시 도봉구 창동723-11,창동 메가박스 앞,Y,,37.6541531,127.0381259
61,서울특별시 도봉구 쌍문동 83-4,크로커다일 앞,Y,"쌍문동, 쌍문1동, 도봉구, 서울특별시, 01375, 대한민국",37.65347,127.02715
62,서울특별시 도봉구 방학동 710,평화도봉공원,Y,"방학동, 방학2동, 도봉구, 서울특별시, 01356, 대한민국",37.66442,127.03333
63,서울특별시 노원구 화랑로510,화랑대역 2번출구 앞,N,,37.6198944,127.0837446
64,서울특별시 노원구 공릉로232,서울과학기술대 정문 앞(좌),N,,37.6316217,127.0783723
65,서울특별시 노원구 공릉로232,서울과학기술대 정문 앞(우),N,,37.6316217,127.0783723
66,서울특별시 노원구 동일로 1078,공릉역 1번출구 노랑통닭 앞,N,"동일로, 면목5동, 중랑구, 서울특별시, 02130, 대한민국",37.6892767,127.0554486
67,서울특별시 노원구 하계동 273-3,하계 어린이 공원,N,"하계동, 하계1동, 노원구, 서울특별시, 01806, 대한민국",37.63793,127.07251
68,서울특별시 노원구 동일로 1015,스타벅스 공릉DT점,N,"동일로, 면목5동, 중랑구, 서울특별시, 02130, 대한민국",37.6892767,127.0554486
69,서울특별시 노원구 동일로 1308-1,중계역 2번출구,N,,37.6448907,127.0642467
70,서울특별시 노원구 상계동 611-1,노원역 운전면허시험장 사거리(1),N,"상계동, 상계5동, 노원구, 서울특별시, 01657, 대한민국",37.66727,127.07242
71,서울특별시 노원구 상계동 611-1,노원역 운전면허시험장 사거리(2),N,"상계동, 상계5동, 노원구, 서울특별시, 01657, 대한민국",37.66727,127.07242
72,서울특별시 노원구 동일로 1530-1,마들역 5번출구,N,,37.6650865,127.0576877
73,서울특별시 노원구 동일로 1673,수락산역 4번출구 파크랜드 앞,N,"동일로, 면목5동, 중랑구, 서울특별시, 02130, 대한민국",37.6892767,127.0554486
74,서울특별시 노원구 동일로 1608,채선당 도시락&샐러드 마들점,N,"동일로, 면목5동, 중랑구, 서울특별시, 02130, 대한민국",37.6892767,127.0554486
75,서울특별시 노원구 동일로 1530-1,마들역 8번출구 우리은행 앞,N,,37.6650865,127.0576877
76,서울특별시 노원구 노해로 502,KT 노원지사 스타벅스 앞 ,N,,37.654566,127.0636241
77,서울특별시 노원구 동일로 1308-1,중계역 5번출구,N,,37.6448907,127.0642467
78,서울특별시 노원구 상계로 301-1,당고개역 뒤 사나포차 앞,N,,37.6704638,127.0786816
79,서울특별시 노원구 월계동 56-5,석계역 광장 따릉이 옆,N,"월계동, 월계2동, 노원구, 서울특별시, 01885, 대한민국",37.6289,127.0567
80,서울특별시 노원구 석계로 98-2,광운대역 앞 스타벅스 앞,N,"98-2, 석계로, 월계1동, 노원구, 서울특별시, 01906, 대한민국",37.6235366,127.0614981
81,서울특별시 노원구 동일로 1014,골드퍼피 동물메디컬 센터 앞,N,"동일로, 면목5동, 중랑구, 서울특별시, 02130, 대한민국",37.6892767,127.0554486
82,서울특별시 노원구 동일로 1074,공릉역 3번출구 따릉이 옆,N,,37.625477,127.0730053
83,서울특별시 노원구 동일로 1074,공릉역 4번출구 스타벅스 앞,N,,37.625477,127.0730053
84,서울특별시 노원구 동일로 1114,수협은행 공릉점 앞,N,"동일로, 장암동, 상계1동, 노원구, 서울특별시, 경기도, 01318, 대한민국",37.6892767,127.0554486
85,서울특별시 노원구 동일로 1196,하계역 1번출구 인근,N,,37.6364521,127.0679885
86,서울특별시 노원구 동일로 1196,하계역 6번출구 따릉이 옆,N,,37.6364521,127.0679885
87,서울특별시 노원구 노해로 507,와우쇼핑몰 앞,N,"노해로, 상계6·7동, 노원구, 서울특별시, 01689, 대한민국",37.6543272,127.0619101
88,서울특별시 노원구 동일로 1456,온수골 사거리 주공 715동 앞,N,,37.6579231,127.0606254
89,서울특별시 노원구 동일로242길 5,수락문 평양칼국수 앞,N,"동일로242길, 상계1동, 노원구, 서울특별시, 01631, 대한민국",37.6749799,127.0576913
90,서울특별시 노원구 공릉동 678-1,태릉입구역 1 ~2번출구 현대자동차 앞,N,"공릉동, 공릉2동, 노원구, 서울특별시, 13798, 대한민국",37.63021,127.08818
91,서울특별시 노원구 중계동 434-1,상계동 뚜레주르 앞,N,"중계동, 중계본동, 노원구, 서울특별시, 01743, 대한민국",37.64802,127.07678
92,서울특별시 노원구 상계로23가길 24,상계중앙시장 앞 따릉이 옆 (상계역삼창프라자건너편),N,"상계로23가길, 상계5동, 노원구, 서울특별시, 01696, 대한민국",37.6594687,127.0707597
93,서울특별시 노원구 동일로 1662,수락산역 3번출구  르노코리아 상계대리점 앞,N,"동일로, 면목5동, 중랑구, 서울특별시, 02130, 대한민국",37.617422,127.0758045
94,서울특별시 노원구 중계동 503-3,중계역 4번출구 ,N,"중계동, 중계본동, 노원구, 서울특별시, 01743, 대한민국",37.64802,127.07678
95,서울특별시 노원구 노해로 452,노원역 6번출구 탑티어커피 앞,N,"노해로, 쌍문4동, 도봉구, 서울특별시, 01440, 대한민국",37.6543272,127.0619101
96,서울특별시 노원구 하계동 284-2,하계역 2번출구,N,"하계동, 하계1동, 노원구, 서울특별시, 01806, 대한민국",37.63793,127.07251
97,서울특별시 노원구 하계동 284-2,하계역 3번출구,N,"하계동, 하계1동, 노원구, 서울특별시, 01806, 대한민국",37.63793,127.07251
98,서울특별시 은평구 은평구 녹번동 282,녹번동 282,N,"녹번동, 은평구, 서울특별시, 대한민국",37.6040879,126.9317233
99,서울특별시 은평구 은평구 불광동 274-12,불광동 274-12,N,"불광동, 불광1동, 은평구, 서울특별시, 03362, 대한민국",37.6160647,126.9339579
100,서울특별시 서대문구 서대문구 창천동 30-8,2호선신촌역 2번출구,N,,37.5557814,126.9366594
101,서울특별시 마포구 대흥동 105-47,대흥역 1번출구 앞,N,"대흥동, 중구, 대전광역시, 대한민국",37.5510043,126.9419496
102,서울특별시 마포구 성산동 592-6,마포구청역 2번출구 앞,N,"성산동, 성산2동, 마포구, 서울특별시, 03937, 대한민국",37.56775,126.90263
103,서울특별시 마포구 아현동 329-15,아현역 4번출구,N,"아현동, 마포구, 서울특별시, 대한민국",37.5505624,126.9525116
104,서울특별시 마포구 망원동 377-18,망원역2번출구(이니스프리앞),N,"망원동, 9통, 망원1동, 마포구, 서울특별시, 04006, 대한민국",37.55586,126.90087
105,서울특별시 마포구 공덕동 255-10,공덕역 5번 출구(엘리베이터앞),N,,37.5442664,126.9516585
106,서울특별시 마포구 창전동 146-6,광흥창역 5번 출구 인근(한국조폐공사앞),N,"창전동, 10통, 서강동, 마포구, 서울특별시, 04069, 대한민국",37.55007,126.92938
107,서울특별시 마포구 노고산동 57-2,신촌역 7번출구 계단뒷편 스파오앞,N,"노고산동, 20통, 대흥동, 마포구, 서울특별시, 04101, 대한민국",37.5536471,126.9374998
108,서울특별시 마포구 아현동 607-1,애오개역 4번 출구(화단앞),N,"아현동, 마포구, 서울특별시, 대한민국",37.5505624,126.9525116
109,서울특별시 마포구 대흥동 2-6,이대역 5번 출구(화단앞),N,"대흥동, 중구, 대전광역시, 대한민국",37.5510043,126.9419496
110,서울특별시 마포구 성산동 266-1,마포구청역 4번 출구(LG전자앞),N,"성산동, 성산2동, 마포구, 서울특별시, 03937, 대한민국",37.56775,126.90263
111,서울특별시 마포구 합정동 472,마포한강푸르지오앞,N,"합정동, 마포구, 서울특별시, 04026, 대한민국",37.54678,126.9084
112,서울특별시 마포구 서교동 490,합정역9번출구,N,,37.5509421,126.9137874
113,서울특별시 마포구 서교동 490,합정역10번출구,N,,37.5509421,126.9137874
114,서울특별시 마포구 동교동 155-27,효성홍익인간오피스텔 (홍익대입구역3번),N,"동교동, 서교동, 마포구, 서울특별시, 04051, 대한민국",37.5571419,126.9261901
115,서울특별시 마포구 동교동 167-29,다이소 (홍익대입구역4번),N,"동교동, 선단동, 포천시, 11464, 대한민국",37.5571419,126.9261901
116,서울특별시 마포구 동교동 166-13,홍익대입구역8번출구,N,"동교동, 선단동, 포천시, 11464, 대한민국",37.5571419,126.9261901
117,서울특별시 양천구 목동동로 151,서울출입국 외국인청 입구,Y,"목동동로, 목5동, 양천구, 서울특별시, 07984, 대한민국",37.5372875,126.8852886
118,서울특별시 양천구 신정동 322-3,햇빛문고 앞,Y,"신정동, 남구, 울산광역시, 44677, 대한민국",37.5162407,126.8521196
119,서울특별시 양천구 신정동 322-4,양천문화회관 앞,Y,"신정동, 남구, 울산광역시, 44677, 대한민국",37.5162407,126.8521196
120,서울특별시 양천구 신정동 324-4,한사랑교회 앞,Y,"신정동, 남구, 울산광역시, 44677, 대한민국",37.5162407,126.8521196
121,서울특별시 강서구 마곡동 727-1222,발산역 8번 출구,Y,"마곡동, 방화1동, 강서구, 서울특별시, 07594, 대한민국",37.5586417,126.8368885
122,서울특별시 강서구 마곡동 727-1428,마곡역 3번출구,N,"마곡동, 방화1동, 강서구, 서울특별시, 07594, 대한민국",37.5599704,126.8256196
123,서울특별시 강서구 마곡동 728-163,마곡역 6번 출구,Y,,37.5595238,126.8254533
124,서울특별시 강서구 마곡동 721-4,마곡역 5번 출구,Y,"마곡동, 방화1동, 강서구, 서울특별시, 07594, 대한민국",37.56619,126.8255083
125,서울특별시 강서구 마곡동 799,마곡역 4번 출구,Y,"마곡동, 방화1동, 강서구, 서울특별시, 07594, 대한민국",37.56619,126.8255083
126,서울특별시 강서구 마곡중앙5로 6,마곡나루역 1번 출구,Y,"마곡중앙5로, 마곡동, 방화1동, 강서구, 서울특별시, 07598, 대한민국",37.5674456,126.8179256
127,서울특별시 강서구 마곡중앙5로 6,나루역 2번 출구,Y,"마곡중앙5로, 마곡동, 방화1동, 강서구, 서울특별시, 07598, 대한민국",37.5674456,126.8179256
128,서울특별시 강서구 마곡동 767,마곡광장 입구,Y,"마곡동, 방화1동, 강서구, 서울특별시, 07594, 대한민국",37.56619,126.8255083
129,서울특별시 강서구 마곡동 728-190,마곡나루역 4번 출구,Y,,37.5593224,126.8274019
130,서울특별시 강서구 마곡동 727-1221,발산역 1번 출구/출구 바로 앞 따릉이 거치대 맞은편,Y,"마곡동, 방화1동, 강서구, 서울특별시, 07594, 대한민국",37.5588683,126.8369284
131,서울특별시 강서구 등촌동 673,"발산역 3,4번 출구 사이/출구 사이 엘리베이터 측면",Y,"등촌동, 등촌2동, 강서구, 서울특별시, 07664, 대한민국",37.5498936,126.86025
132,서울특별시 강서구 등촌동 673-1,발산역 4번 출구/자전거 거치대 끝나는 부근,Y,"등촌동, 등촌2동, 강서구, 서울특별시, 07664, 대한민국",37.5498936,126.86025
133,서울특별시 강서구 화곡로 416,가양역 7번출구,N,"더스카이밸리5차, 416, 화곡로, 등촌1동, 강서구, 서울특별시, 07576, 대한민국",37.5600482,126.8553445
134,서울특별시 강서구 등촌동 78-7,가양역 8번 출구 앞,Y,"등촌동, 등촌2동, 강서구, 서울특별시, 07664, 대한민국",37.5498936,126.86025
135,서울특별시 강서구 등촌동 666-2,"가양역 6, 7번 출구 사이",Y,"등촌동, 등촌2동, 강서구, 서울특별시, 07664, 대한민국",37.5498936,126.86025
136,서울특별시 강서구 등촌동 648-4,등촌역 1번 출구,Y,"등촌동, 등촌2동, 강서구, 서울특별시, 07664, 대한민국",37.5498936,126.86025
137,서울특별시 강서구 가양동 449-30,증미역 1번 출구,Y,"가양동, 가양2동, 강서구, 서울특별시, 07525, 대한민국",37.5663502,126.8525524
138,서울특별시 강서구 가양동 449-30,증미역 2번 출구,Y,"가양동, 가양2동, 강서구, 서울특별시, 07525, 대한민국",37.5663502,126.8525524
139,서울특별시 강서구 가양동 449-30,"증미역 1,2번 출구 사이",Y,"가양동, 가양2동, 강서구, 서울특별시, 07525, 대한민국",37.5663502,126.8525524
140,서울특별시 강서구 마곡동 727-1428,마곡역 1번 출구,Y,"마곡동, 방화1동, 강서구, 서울특별시, 07594, 대한민국",37.5599704,126.8256196
141,서울특별시 강서구 공항대로 지하 163,마곡역 2번 출구,Y,,,
142,서울특별시 강서구 방화동 830-8,방화역 1번 출구,Y,"방화동, 방화3동, 강서구, 서울특별시, 07511, 대한민국",37.57682,126.81422
143,서울특별시 강서구 공항대로 571,등촌역 3번 출구 부근,Y,"삼성디지털프라자 강서본점, 571, 공항대로, 염창동, 강서구, 서울특별시, 07948, 대한민국",37.5492127,126.869045
144,서울특별시 강서구 등촌동 505-3,등촌역 8번 출구,Y,"등촌동, 등촌2동, 강서구, 서울특별시, 07664, 대한민국",37.5498936,126.86025
145,서울특별시 강서구 마곡동 767-3,마곡나루역 5번 출구,Y,"마곡동, 방화1동, 강서구, 서울특별시, 07594, 대한민국",37.56619,126.8255083
146,서울특별시 강서구 마곡동 776-2,양천향교역 8번 출구,Y,"마곡동, 방화1동, 강서구, 서울특별시, 07594, 대한민국",37.56619,126.8255083
147,서울특별시 구로구 구로동 603-13,구로역3번출구  앞,Y,"구로동, 구로2동, 구로구, 서울특별시, 08284, 대한민국",37.4945849,126.8845477
148,서울특별시 구로구 신도림동 347-20,신도림역1번출구  앞,Y,"신도림동, 구로구, 서울특별시, 대한민국",37.50941,126.88285
149,서울특별시 구로구 구로동 188-15,구로G밸리비즈플라자  앞,Y,"구로동, 구로2동, 구로구, 서울특별시, 08284, 대한민국",37.4945849,126.8845477
150,서울특별시 금천구 시흥동 113-82,금천구청 M타워 인근,Y,"시흥동, 수정구, 성남시, 13445, 대한민국",37.4507049,126.9085555
151,서울특별시 금천구 가산동 714-2,독산역 2번 출구 인근,Y,"가산동, 금천구, 서울특별시, 대한민국",37.4753253,126.8863954
152,서울특별시 금천구 가산동 670-2,대륭테크노 18차  앞,Y,"가산동, 금천구, 서울특별시, 대한민국",37.4753253,126.8863954
153,서울특별시 금천구 가산동 60-5,갑을그레이트밸리  앞,Y,"가산동, 금천구, 서울특별시, 대한민국",37.4753253,126.8863954
154,서울특별시 금천구 가산동 50-3, 대륭포스트타워6  앞,Y,"가산동, 금천구, 서울특별시, 대한민국",37.4753253,126.8863954
155,서울특별시 금천구 독산동 1099, 한신아파트 앞,Y,"독산동, 독산4동, 금천구, 서울특별시, 08584, 대한민국",37.468399,126.8979571
156,서울특별시 금천구 독산동 1160-5, 롯데캐슬 앞,Y,"독산동, 독산4동, 금천구, 서울특별시, 08584, 대한민국",37.468399,126.8979571
157,서울특별시 금천구 가산동 677, 가산디지털 엠파이어 앞,Y,"가산동, 금천구, 서울특별시, 대한민국",37.4753253,126.8863954
158,서울특별시 금천구 가산동 670-2, 대륭테크노타운18차 앞,Y,"가산동, 금천구, 서울특별시, 대한민국",37.4753253,126.8863954
159,서울특별시 금천구 가산동 371-27, 롯데택배 앞,Y,"가산동, 금천구, 서울특별시, 대한민국",37.4753253,126.8863954
160,서울특별시 금천구 가산동 60-35, 수출의 다리 하부,Y,"가산동, 금천구, 서울특별시, 대한민국",37.4753253,126.8863954
161,서울특별시 금천구 가산동 60-35,현대아울렛 앞,Y,"가산동, 금천구, 서울특별시, 대한민국",37.4753253,126.8863954
162,서울특별시 금천구 독산동 996-9,문성초등학교 앞,Y,"독산동, 독산4동, 금천구, 서울특별시, 08584, 대한민국",37.468399,126.8979571
163,서울특별시 금천구 독산동 995-6,독산3동 주민센터 앞,Y,"독산동, 독산4동, 금천구, 서울특별시, 08584, 대한민국",37.468399,126.8979571
164,서울특별시 금천구 가산동 60-15,가디역 6번 출구 뒤편,N,"가산동, 금천구, 서울특별시, 대한민국",37.4753253,126.8863954
165,서울특별시 금천구 가산동 757,독산역 2번 출구 인근,N,"가산동, 금천구, 서울특별시, 대한민국",37.4753253,126.8863954
166,서울특별시 금천구 시흥동 1020,금천구청 따릉이 대여소 인근,N,"시흥동, 시흥5동, 금천구, 서울특별시, 08573, 대한민국",37.4507049,126.9085555
167,서울특별시 금천구 시흥동 984,금천고버스정류장 (18534) 인근,N,"시흥동, 시흥5동, 금천구, 서울특별시, 08573, 대한민국",37.4507049,126.9085555
168,서울특별시 동작구 본동  344-10,노들역 1번 출구 측면,N,"본동, 달서구, 대구광역시, 대한민국",37.51337,126.95477
169,서울특별시 동작구 상도동  511,숭실대입구 3번출구 ,N,"상도동, 상도4동, 동작구, 서울특별시, 07047, 대한민국",37.4988159,126.9441045
170,서울특별시 동작구 대방동  356-2,공군호텔 버스정류소(20107) 인근,N,"대방동, 동작구, 서울특별시, 대한민국",37.5067997,126.9291349
171,서울특별시 관악구 봉천동 869-1,서울대입구역 4번 출구 인근,N,"봉천동, 중앙동, 관악구, 서울특별시, 08747, 대한민국",37.484665,126.9484961
172,서울특별시 관악구 남부순환로 1805,서울대입구역 5번 출구 인근,N,"에이스에이존, 1805, 남부순환로, 봉천동, 중앙동, 관악구, 서울특별시, 08745, 대한민국",37.4817657,126.9508411
173,서울특별시 관악구 남부순환로 1900,낙성대입구 교차로 인근,N,"1900, 남부순환로, 낙성대동, 관악구, 서울특별시, 08792, 대한민국",37.4780276,126.9602729
174,서울특별시 관악구 남부순환로 1950,낙성대역 버스정류소 주변,N,"1950, 남부순환로, 인헌동, 관악구, 서울특별시, 08793, 대한민국",37.4760765,126.9654052
175,서울특별시 관악구 남부순환로 1710,봉천역 3번 출구 인근,N,"남부순환로, 공항동, 강서구, 서울특별시, 07628, 대한민국",37.482352,126.915423
176,서울특별시 서초구 서초동 1374,대륭서초타워 앞,N,"서초동, 서초1동, 서초구, 서울특별시, 06720, 대한민국",37.48818,127.01751
177,서울특별시 서초구 서초동 1374,현대렉시온 앞,N,"서초동, 서초1동, 서초구, 서울특별시, 06720, 대한민국",37.48818,127.01751
178,서울특별시 서초구 서초동 1375,샐러디 양재역점 앞,N,"서초동, 서초1동, 서초구, 서울특별시, 06720, 대한민국",37.48818,127.01751
179,서울특별시 서초구 서초동 1720-11,대검찰청 건너편,N,"서초동, 서초1동, 서초구, 서울특별시, 06720, 대한민국",37.48818,127.01751
180,서울특별시 서초구 서초동 1582-12,교대입구 삼거리,N,"서초동, 서초1동, 서초구, 서울특별시, 06720, 대한민국",37.48818,127.01751
181,서울특별시 서초구 잠원동 87-1,논현역 8번출구,N,"잠원동, 서초구, 서울특별시, 대한민국",37.5182544,127.0124028
182,서울특별시 서초구 반포동 706-8,논현역 6번출구,N,"반포동, 반포2동, 서초구, 서울특별시, 06546, 대한민국",37.50312,127.0014
183,서울특별시 서초구 반포동 18-1,신반포역 3번출구,N,"반포동, 반포2동, 서초구, 서울특별시, 06546, 대한민국",37.50312,127.0014
184,서울특별시 서초구 방배동 3160,총신대입구역 2번출구,N,"방배동, 방배3동, 서초구, 서울특별시, 06696, 대한민국",37.4798789,126.9939103
185,서울특별시 서초구 서초동 1673-11,교대역 1번출구,N,"서초동, 서초1동, 서초구, 서울특별시, 06720, 대한민국",37.48818,127.01751
186,서울특별시 서초구 서초동 1748-17,서초역 1번출구,N,"서초동, 서초1동, 서초구, 서울특별시, 06720, 대한민국",37.48818,127.01751
187,서울특별시 서초구 서초동 1715-15,교대역 10번출구,N,"서초동, 서초1동, 서초구, 서울특별시, 06720, 대한민국",37.48818,127.01751
188,서울특별시 서초구 서초동 1541-43,서초역 4번출구,N,"서초동, 서초1동, 서초구, 서울특별시, 06720, 대한민국",37.48818,127.01751
189,서울특별시 서초구 서초동 1732-11,서초역 5번출구,N,"서초동, 서초1동, 서초구, 서울특별시, 06720, 대한민국",37.48818,127.01751
190,서울특별시 서초구 서초동 1542-1,서초역 2번출구,N,"서초동, 서초1동, 서초구, 서울특별시, 06720, 대한민국",37.48818,127.01751
191,서울특별시 서초구 서초동 1374,삼성화재 서초사옥 앞,N,"서초동, 서초1동, 서초구, 서울특별시, 06720, 대한민국",37.48818,127.01751
192,서울특별시 서초구 반포동 749-18,신논현역 2번출구,N,"반포동, 반포2동, 서초구, 서울특별시, 06546, 대한민국",37.50312,127.0014
193,서울특별시 서초구 서초동 1321-40,강남빌딩 앞,N,"서초동, 서초1동, 서초구, 서울특별시, 06720, 대한민국",37.48818,127.01751
194,서울특별시 서초구 서초동 711-4,예술의 전당 앞,N,,37.480786,127.014524
195,서울특별시 서초구 서초동 산 150-124,국립국악원 앞,N,,37.4776788,127.0085486
196,서울특별시 서초구 서초동 산 150-124,국립국악원 앞,N,,37.4776788,127.0085486
197,서울특별시 서초구 서초동 산 150-124,국립국악원 앞,N,,37.4776788,127.0085486
198,서울특별시 서초구 서초동 1445-17,남부터미널역 4-1번 출구,N,"서초동, 서초1동, 서초구, 서울특별시, 06720, 대한민국",37.48818,127.01751
199,서울특별시 서초구 서초동 1445-17,남부터미널역 4번출구,N,,37.48818,127.01751
200,서울특별시 서초구 서초동 1655-6,서울교대 앞,N,,37.4909438,127.0143352
201,서울특별시 서초구 서초동 1598-4,교대사거리,N,,37.4879409,127.0144323
202,서울특별시 서초구 서초동 1748-38,서초3동 사거리,N,,37.4844812,127.013848
203,서울특별시 서초구 반포동 117-3,고속터미널 5번출구,N,,37.5015473,127.0003741
204,서울특별시 서초구 반포동 128-6,반포역 2번출구,N,"반포동, 반포2동, 서초구, 서울특별시, 06546, 대한민국",37.50312,127.0014
205,서울특별시 서초구 반포동 19-3,고속터미널역 8번출구,N,"반포동, 반포2동, 서초구, 서울특별시, 06546, 대한민국",37.50312,127.0014
206,서울특별시 서초구 방배동 1823,이수역 1번출구,N,,37.4886588,126.9828862
207,서울특별시 서초구 방배동 438-34,이수역 6번출구,N,"방배동, 방배3동, 서초구, 서울특별시, 06696, 대한민국",37.4798789,126.9939103
208,서울특별시 서초구 방배동 874-16,내방역 6번출구,N,,37.4881339,126.9932287
209,서울특별시 서초구 방배동 149,내방역 3번출구,N,,37.4874889,126.9948648
210,서울특별시 서초구 방배동 444-9,사당역 13번출구,N,,37.4774157,126.9820385
211,서울특별시 서초구 서초동 1375,양재역 2번출구,N,"서초동, 서초1동, 서초구, 서울특별시, 06720, 대한민국",37.48818,127.01751
212,서울특별시 서초구 양재동 13-4,양재역 7번출구,N,"양재동, 양재2동, 서초구, 서울특별시, 06769, 대한민국",37.46838,127.0361
213,서울특별시 서초구 양재동 24,양재역 9번출구,N,"진대감, 24, 강남대로6길, 양재동, 양재2동, 서초구, 서울특별시, 06779, 대한민국",37.4672523,127.0426457
214,서울특별시 서초구 서초동 1376-8,양재역 10번출구,N,"서초동, 서초1동, 서초구, 서울특별시, 06720, 대한민국",37.48818,127.01751
215,서울특별시 서초구 서초동 1366-12,양재역 1번출구,N,"서초동, 서초1동, 서초구, 서울특별시, 06720, 대한민국",37.48818,127.01751
216,서울특별시 서초구 양재동 67-10,교육개발원 입구 사거리,N,,37.4786106,127.0382401
217,서울특별시 서초구 양재동 20-41,교육개발원 입구 사거리,N,,37.4783284,127.0393676
218,서울특별시 서초구 양재동 237-2,양재시민의숲역 1번출구,N,"양재동, 양재2동, 서초구, 서울특별시, 06769, 대한민국",37.46838,127.0361
219,서울특별시 서초구 서초동 1377-1,서초1교,N,,37.4960927,127.0215327
220,서울특별시 서초구 서초동 1418,서초3교,N,,37.4915001,127.0249137
221,서울특별시 서초구 양재동 232,AT센터 앞,N,,37.4682617,127.0391433
222,서울특별시 서초구 서초동 1319-1,강남역 7번출구,N,,37.4975483,127.0273164
223,서울특별시 서초구 서초동 1319-1,강남역 8번출구,N,,37.4975483,127.0273164
224,서울특별시 서초구 반포동 30-5,사평역2번 출구,N,"반포동, 반포2동, 서초구, 서울특별시, 06546, 대한민국",37.50312,127.0014
225,서울특별시 강남구 논현동 119,강남구청역 3번 출구,N,"논현동, 논현1동, 강남구, 서울특별시, 06046, 대한민국",37.5123018,127.0294935
226,서울특별시 강남구 논현동 88-1,학동역 9번 출구,N,"논현동, 논현1동, 강남구, 서울특별시, 06046, 대한민국",37.5123018,127.0294935
227,서울특별시 강남구 삼성동 1,강남구청역 1번 출구,N,"삼릉공원 관리사무소, 1, 선릉로100길, 삼성2동, 강남구, 서울특별시, 06161, 대한민국",37.5071958,127.0483701
228,서울특별시 강남구 삼성동 145,삼성중앙역 5번 출구,N,"삼성동, 관악구, 서울특별시, 대한민국",37.5147838,127.0543618
229,서울특별시 강남구 삼성동 52,청담역 6번 출구,N,"삼성동, 관악구, 서울특별시, 대한민국",37.5100873,127.056216
230,서울특별시 강남구 신사동 501-2,신사역 7번 출구,N,"신사동, 강남구, 서울특별시, 대한민국",37.5223206,127.0277019
231,서울특별시 강남구 역삼동 679-5,역삼역 8번 출구,N,"역삼동, 역삼2동, 강남구, 서울특별시, 06220, 대한민국",37.49988,127.03856
232,서울특별시 강남구 청담동 41-2,강남구청역 4번 출구,N,"청담동, 강남구, 서울특별시, 대한민국",37.5257535,127.0523217
233,서울특별시 강남구 청담동 76-4,청담역 9번 출구,N,"청담동, 강남구, 서울특별시, 대한민국",37.5257535,127.0523217
234,서울특별시 강남구 압구정로 161,강남관광정보센터 앞,N,"강남관광정보센터, 161, 압구정로, 신사동, 압구정동, 강남구, 서울특별시, 06022, 대한민국",37.5268064,127.0270828
235,서울특별시 강남구 압구정로 206,와이비엠에듀 지사 앞,N,"압구정로, 신사동, 압구정동, 강남구, 서울특별시, 06022, 대한민국",37.5281029,127.0301358
236,서울특별시 강남구 압구정로 342,언더아머 압구정점 앞,N,"압구정로, 신사동, 압구정동, 강남구, 서울특별시, 06022, 대한민국",37.5281029,127.0301358
237,서울특별시 강남구 도산대로 138,우리은행 신사동프리미엄금융센터 앞,N,"글램성형외과, 138, 도산대로, 논현동, 논현1동, 강남구, 서울특별시, 06039, 대한민국",37.5175083,127.0237433
238,서울특별시 강남구 도산대로 318,SBS타워 앞,N,"도산대로, 청담동, 강남구, 서울특별시, 06016, 대한민국",37.5237609,127.0432859
239,서울특별시 강남구 학동로 165,마일스디오빌 본죽 비빔밥 앞,N,"달래해장 학동역점, 165, 학동로, 논현동, 논현1동, 강남구, 서울특별시, 06046, 대한민국",37.5137213,127.0288307
240,서울특별시 강남구 학동로 170,KT매장 앞,N,"학동로, 청담동, 강남구, 서울특별시, 06078, 대한민국",37.5156831,127.0359927
241,서울특별시 강남구 논현로 704,학동역 8번 출구,N,"논현로, 논현동, 논현1동, 강남구, 서울특별시, 06046, 대한민국",37.5167295,127.0294637
242,서울특별시 강남구 논현로 665,학동역 4번 출구,N,"논현로, 논현동, 논현1동, 강남구, 서울특별시, 06046, 대한민국",37.478697,127.0444277
243,서울특별시 강남구 학동로 171,학동역 6번 출구,N,"171, 학동로, 논현1동, 강남구, 서울특별시, 06046, 대한민국",37.5124711,127.0313936
244,서울특별시 강남구 강남대로 566,신영와코루빌딩 앞,N,"566, 강남대로, 논현1동, 강남구, 서울특별시, 06531, 대한민국",37.5125024,127.0211574
245,서울특별시 강남구 강남대로 536,"논현역 3번 출구, 자생한방병원 앞",N,"강남대로, 반포1동, 서초구, 서울특별시, 06535, 대한민국",37.4991884,127.0271674
246,서울특별시 강남구 강남대로 530,미사랑빌딩 앞,N,"강남대로, 반포1동, 서초구, 서울특별시, 06535, 대한민국",37.4991884,127.0271674
247,서울특별시 강남구 봉은사로 116,닥터포헤어와 반디빌딩 사이,N,"봉은사로, 삼성동, 삼성1동, 강남구, 서울특별시, 06163, 대한민국",37.5136217,127.056755
248,서울특별시 강남구 봉은사로 446,스타벅스 봉은사로선정릉점 앞,N,"봉은사로, 삼성동, 삼성1동, 강남구, 서울특별시, 06163, 대한민국",37.5136217,127.056755
249,서울특별시 강남구 봉은사로 607,리드빌딩 앞,N,"봉은사로, 삼성동, 삼성1동, 강남구, 서울특별시, 06163, 대한민국",37.5136217,127.056755
250,서울특별시 강남구 봉은사로 606,봉은사역 5번 출구,N,"봉은사로, 삼성동, 삼성1동, 강남구, 서울특별시, 06163, 대한민국",37.5136217,127.056755
251,서울특별시 강남구 테헤란로 101,강남역 강남스퀘어 광장,N,"살랑별빛 강남마사지 (Salrang Byeolbit Gangnam Massage), 101, 테헤란로, 역삼1동, 강남구, 서울특별시, 06134, 대한민국",37.4986161,127.0279548
252,서울특별시 강남구 테헤란로 152,역삼역 2번 출구,N,"강남파이낸스센터, 152, 테헤란로, 역삼1동, 강남구, 서울특별시, 06236, 대한민국",37.5000191,127.0365483
253,서울특별시 강남구 테헤란로 240,역삼 지하보도 4번 출구,N,"테헤란로, 대치4동, 강남구, 서울특별시, 06193, 대한민국",37.5086427,127.062784
254,서울특별시 강남구 테헤란로 242,역삼 지하보도 3번 출구 측면,N,"테헤란로, 대치4동, 강남구, 서울특별시, 06193, 대한민국",37.5086427,127.062784
255,서울특별시 강남구 테헤란로 302,역삼 지하보도 2번 출구 측면,N,"테헤란로, 대치4동, 강남구, 서울특별시, 06193, 대한민국",37.5086427,127.062784
256,서울특별시 강남구 테헤란로 305,한국산업기술진흥원 앞,N,"테헤란로, 대치4동, 강남구, 서울특별시, 06193, 대한민국",37.5086427,127.062784
257,서울특별시 강남구 테헤란로 443,스타벅스 삼성점 앞,N,"테헤란로, 대치4동, 강남구, 서울특별시, 06193, 대한민국",37.5086427,127.062784
258,서울특별시 강남구 테헤란로 103,강남역 12번 출구 뒤편,N,"테헤란로, 대치4동, 강남구, 서울특별시, 06193, 대한민국",37.5086427,127.062784
259,서울특별시 강남구 테헤란로 447,범무법인 안팍 서울 주사무소 앞,N,"테헤란로, 대치4동, 강남구, 서울특별시, 06193, 대한민국",37.5086427,127.062784
260,서울특별시 강남구 테헤란로 501,IBK 기업은행 앞,N,"테헤란로, 대치4동, 강남구, 서울특별시, 06193, 대한민국",37.5086427,127.062784
261,서울특별시 강남구 테헤란로 503,송영욱 내과의원 앞,N,"테헤란로, 대치4동, 강남구, 서울특별시, 06193, 대한민국",37.5086427,127.062784
262,서울특별시 강남구 테헤란로 440,포스코 사거리 포스코센터 앞,N,"스시마이우키친 포스코점, 440, 테헤란로, 대치4동, 강남구, 서울특별시, 06194, 대한민국",37.5056932,127.0558968
263,서울특별시 강남구 테헤란로 504,포스코 사거리 유진저축은행 앞,N,"테헤란로, 대치2동, 강남구, 서울특별시, 06175, 대한민국",37.5067467,127.0567292
264,서울특별시 강남구 테헤란로 505,스타벅스 포스코사거리점 앞,N,"온사이트 클라이밍 onsight climbing, 505, 테헤란로, 삼성1동, 강남구, 서울특별시, 06168, 대한민국",37.5075887,127.0574294
265,서울특별시 강남구 테헤란로 606,봉은사역 5번출구 우측,N,"파크 하얏트, 606, 테헤란로, 대치2동, 강남구, 서울특별시, 06173, 대한민국",37.5086027,127.0641785
266,서울특별시 강남구 영동대로 316,새마을운동중앙회 앞,N,"영동대로, 개포2동, 강남구, 서울특별시, 06328, 대한민국",37.511866,127.0616965
267,서울특별시 강남구 영동대로 302,국민제1빌딩 현대자동차 앞,N,"영동대로, 개포2동, 강남구, 서울특별시, 06328, 대한민국",37.4921947,127.0724516
268,서울특별시 강남구 영동대로 237,삼성디지털프라자 앞,N,"Samsung, 237, 영동대로, 대치동, 대치2동, 강남구, 서울특별시, 06283, 대한민국",37.5006039,127.0670254
269,서울특별시 강남구 영동대로 301,BMW 삼성전시장 앞,N,"영동대로, 개포2동, 강남구, 서울특별시, 06328, 대한민국",37.511866,127.0616965
270,서울특별시 강남구 도곡로 331,한티역 8번 출구 뒤,N,"도곡로, 잠실7동, 송파구, 서울특별시, 05571, 대한민국",37.5001811,127.0648705
271,서울특별시 강남구 도곡로 404,한티역 4번 출구,N,"도곡로, 잠실7동, 송파구, 서울특별시, 05571, 대한민국",37.5001811,127.0648705
272,서울특별시 강남구 선릉로 206,도곡역 2번 출구 측면,N,"인산가, 206, 선릉로, 대치1동, 강남구, 서울특별시, 06281, 대한민국",37.4930983,127.0555038
273,서울특별시 강남구 삼성로 155,대치역 7번 출구,N,"대치퍼스트빌딩, 155, 삼성로, 대치1동, 강남구, 서울특별시, 06291, 대한민국",37.4937812,127.0629254
274,서울특별시 강남구 일원동 128-10,삼성서울병원 정문 주변,N,"일원동, 일원본동, 강남구, 서울특별시, 06351, 대한민국",37.48754,127.08705
275,서울특별시 강남구 일원로 115,일원역 3번 출구,N,"삼성생명 일원역 빌딩, 115, 일원로, 일원동, 일원본동, 강남구, 서울특별시, 06355, 대한민국",37.4840524,127.0846214
276,서울특별시 강남구 일원로 127,"일원역 4, 5번 출구 사이",N,"다올축산, 127, 일원로, 일원동, 일원본동, 강남구, 서울특별시, 06361, 대한민국",37.4831021,127.085403
277,서울특별시 강남구 수서동 724-4,수서역 5번 출구 측면,N,"수서동, 강남구, 서울특별시, 대한민국",37.48445,127.09838
278,서울특별시 강남구 수서동 727,수서역 6번 출구,N,"수서동, 강남구, 서울특별시, 대한민국",37.48445,127.09838
279,서울특별시 강남구 자곡로 218,자곡동사거리 남동측,N,"자곡로, 방죽마을, 세곡동, 강남구, 서울특별시, 06373, 대한민국",37.4731277,127.1032212
280,서울특별시 강남구 자곡로 210,더샵갤러리 앞,N,"자곡로, 방죽마을, 세곡동, 강남구, 서울특별시, 06373, 대한민국",37.4731277,127.1032212
281,서울특별시 강남구 자곡로3길 22,세곡중학교 앞 삼거리,N,"자곡로3길, 자곡동, 세곡동, 강남구, 서울특별시, 06375, 대한민국",37.4712049,127.0898208
282,서울특별시 강남구 헌릉로590길 100,강남신동아파밀리에2단지 정류장,N,"헌릉로590길, 은곡마을, 세곡동, 강남구, 서울특별시, 06366, 대한민국",37.4622531,127.1012819
283,서울특별시 강남구 테헤란로 508,해성2빌딩 앞,N,"해성2빌딩, 508, 테헤란로, 대치2동, 강남구, 서울특별시, 06169, 대한민국",37.5068067,127.0579751
284,서울특별시 송파구 가락동 10-15,오금역 4번 출구,N,"가락동, 강서구, 부산광역시, 46707, 대한민국",37.49672,127.11744
285,서울특별시 송파구 가락동 10-15,경찰병원역 1번 출구 뒤,N,"가락동, 강서구, 부산광역시, 46707, 대한민국",37.49672,127.11744
286,서울특별시 송파구 신천동 19,몽촌토성역 4번 출구 앞,N,"19, 문화마을로16번길, 신천동, 시흥시, 14904, 대한민국",37.5184928,127.1030779
287,서울특별시 송파구 송파동 1-1,석촌역 4번 출구 뒤,N,"송파동, 송파1동, 송파구, 서울특별시, 05675, 대한민국",37.50479,127.11369
288,서울특별시 송파구 잠실동 270,"잠실새내역 3, 4번 출구 사이",N,"잠실동, 잠실2동, 송파구, 서울특별시, 05501, 대한민국",37.5122807,127.0855986
289,서울특별시 송파구 방이동 89-28,올림픽공원역 4번 출구 측면,Y,"방이동, 방이2동, 송파구, 서울특별시, 05628, 대한민국",37.5141564,127.1195472
290,서울특별시 송파구 잠실동 50,종합운동장역 4번 출구 앞,Y,"잠실동, 잠실2동, 송파구, 서울특별시, 05501, 대한민국",37.5122807,127.0855986
291,서울특별시 송파구 신천동 29-5,송파구청 앞,Y,"신천동, 시흥시, 대한민국",37.5184928,127.1030779
292,서울특별시 송파구 신청동 28,잠실역 2번출구 앞,Y,,,
293,서울특별시 송파구 잠실동 39,잠실역 3번출구 앞,Y,"잠실동, 잠실2동, 송파구, 서울특별시, 05501, 대한민국",37.5122807,127.0855986
294,서울특별시 송파구 잠실동 39,잠실역 4번 출구,Y,"잠실동, 잠실2동, 송파구, 서울특별시, 05501, 대한민국",37.5122807,127.0855986
295,서울특별시 송파구 잠실동 35-8,잠실새내역 1번출구 앞,Y,"잠실동, 잠실2동, 송파구, 서울특별시, 05501, 대한민국",37.5122807,127.0855986
296,서울특별시 송파구 잠실동 84,종합운동장역 9번 출구 앞,Y,"잠실동, 잠실2동, 송파구, 서울특별시, 05501, 대한민국",37.5122807,127.0855986
297,서울특별시 송파구 신천동 15,잠실나루역 1번 출구 앞,Y,"시흥푸르지오5차아파트, 15, 신천동, 시흥시, 14910, 대한민국",37.5184928,127.1030779
298,서울특별시 송파구 방이동 44-12,몽촌토성역 3번 출구 앞,Y,"방이동, 방이2동, 송파구, 서울특별시, 05628, 대한민국",37.5141564,127.1195472
299,서울특별시 송파구 방이동 89-27,올림픽공원역 3번 출구 앞,Y,"방이동, 방이2동, 송파구, 서울특별시, 05628, 대한민국",37.5141564,127.1195472
300,서울특별시 송파구 잠실역 46,석촌호수 서호 입구,Y,,,
301,서울특별시 송파구 오금동 165-1,개롱역 2번출구 앞,Y,"오금동, 금정동, 15863, 대한민국",37.50355,127.13379
302,서울특별시 송파구 오금동 165-1,개롱역 2번출구 앞,Y,"오금동, 금정동, 15863, 대한민국",37.50355,127.13379
303,서울특별시 송파구 가락동 165-2,개롱역 3번출구 앞,Y,"가락동, 강서구, 부산광역시, 46707, 대한민국",37.49672,127.11744
304,서울특별시 송파구 가락동 165-3,개롱역 4번출구,Y,"가락동, 강서구, 부산광역시, 46707, 대한민국",37.49672,127.11744
305,서울특별시 송파구 방이동 88-17,몽촌토성역 1번 출구 근처,N,"방이동, 방이2동, 송파구, 서울특별시, 05628, 대한민국",37.5141564,127.1195472
306,서울특별시 송파구 방이동 88-17,한성백제역 2번 출구 근처,Y,"방이동, 방이2동, 송파구, 서울특별시, 05628, 대한민국",37.5141564,127.1195472
307,서울특별시 송파구 송파동 68,석촌역 2번 출구 뒤쪽,Y,"송파동, 송파1동, 송파구, 서울특별시, 05675, 대한민국",37.50479,127.11369
308,서울특별시 송파구 석촌동 318,석촌역 6번 출구 인근,Y,"석촌동, 송파구, 서울특별시, 대한민국",37.5024827,127.103495
309,서울특별시 송파구 잠실동 21,잠실새내역 7번 출구 뒤쪽,Y,"잠실동, 잠실2동, 송파구, 서울특별시, 05501, 대한민국",37.5122807,127.0855986
310,서울특별시 송파구 문정동 634,장지역 3번 출구 따릉이 옆,Y,"문정동, 영주시, 36133, 대한민국",37.48434,127.12246
311,서울특별시 송파구 법원로 128,문정역 4번 출구 앞,N,"문정 SK V1 GL 메트로시티 B동, 128, 법원로, 문정동, 문정2동, 송파구, 서울특별시, 05854, 대한민국",37.4870119,127.1204723
312,서울특별시 송파구 올림픽로 336,잠실 대우 유토피아건물 앞,N,"올림픽로, 신천동, 잠실6동, 송파구, 서울특별시, 05510, 대한민국",37.5253547,127.117511
313,서울특별시 강동구 명일동 46-5,고덕역 4번출구 인근 ,N,"명일동, 명일2동, 강동구, 서울특별시, 05268, 대한민국",37.54841,127.15158
314,서울특별시 강동구 명일동 303-1,명일역 2번출구 인근 ,N,"명일동, 명일2동, 강동구, 서울특별시, 05268, 대한민국",37.54841,127.15158
315,서울특별시 강동구 암사동 524,선사고등학교 앞 ,Y,"암사동, 암사3동, 강동구, 서울특별시, 05241, 대한민국",37.5582352,127.1308542
316,서울특별시 강동구 강일동 679-6,강동공영차고지 버스정류장 인근 ,Y,"강일동, 강동구, 서울특별시, 대한민국",37.56723,127.1713
317,서울특별시 강동구 강일동 681,육교 아래 ,Y,"강일동, 강동구, 서울특별시, 대한민국",37.56723,127.1713
318,서울특별시 마포구 마포구 월드컵로3길 1,마포한강2차푸르지오아파트 앞마포한강2차푸르지오아파트 앞,N,"월드컵로3길, 합정동, 마포구, 서울특별시, 04025, 대한민국",37.5503081,126.910581
319,서울특별시 마포구 마포구 양화로 29,아람광고앞,N,"29, 양화로, 합정동, 마포구, 서울특별시, 04071, 대한민국",37.5491416,126.912461
320,서울특별시 마포구 마포구 양화로 32,황실마사지앞,N,"CU, 32, 양화로, 합정동, 마포구, 서울특별시, 04071, 대한민국",37.5485532,126.9127684
321,서울특별시 마포구 마포구 양화로 44,모델하우스(견본주택)앞,N,"양화로, 서교동, 마포구, 서울특별시, 04031, 대한민국",37.5568547,126.9239146
322,서울특별시 마포구 마포구 백범로 192,에스오일본사 앞,N,"백범로, 대흥동, 22통, 대흥동, 마포구, 서울특별시, 04101, 대한민국",37.5520324,126.937395
323,서울특별시 마포구 마포구 월드컵로 196,올리브영 앞 ,N,"월드컵로, 서교동, 마포구, 서울특별시, 04023, 대한민국",37.552033,126.9124539
324,서울특별시 노원구 노원구 하계동 256-9,대진고교교차로,N,"하계동, 하계1동, 노원구, 서울특별시, 01806, 대한민국",37.63793,127.07251
325,서울특별시 노원구 노원구 상계동 694-1,임광아파트종합상가 옆,N,"상계동, 상계5동, 노원구, 서울특별시, 01657, 대한민국",37.66727,127.07242
326,서울특별시 강서구 마곡서1로 100,신방화역 5번 출구,N,"마곡서1로, 마곡동, 방화1동, 강서구, 서울특별시, 07598, 대한민국",37.5689937,126.8183971
327,서울특별시 강서구 강서로 40,까치산역 2번 출구,N,"강서로, 화곡1동, 강서구, 서울특별시, 07726, 대한민국",37.5382193,126.8427145
328,서울특별시 노원구 중계동 434-1,상계동 뚜레주르 앞,N,"중계동, 중계본동, 노원구, 서울특별시, 01743, 대한민국",37.64802,127.07678
329,서울특별시 노원구 한글비석로 389-2,상계중앙시장 앞 따릉이 옆,N,"한글비석로, 상계5동, 노원구, 서울특별시, 대한민국",37.6661065,127.0694863
